Name;Seed;Gap;;
ch130.tsp;5053;0.0000000%;;
d198.tsp;5053;0.0380228%;;
eil76.tsp;5053;0.0000000%;;
fl1577.tsp;5053;1.0876900%;;
kroA100.tsp;5053;0.0000000%;;
lin318.tsp;5053;1.2396200%;;
pcb442.tsp;5053;1.1658600%;;
pr439.tsp;5053;0.7554770%;;
rat783.tsp;5053;2.6572800%;;
u1060.tsp;5053;2.6283600%;;
;;;;
;;;;
;Mean gap;0.95723098%;;
